rank,dessert
1,Chocolate chip cookies
2,Apple pie
3,Tiramisu
4,Cheesecake
5,Pecan pie
6,Carrot cake
7,Ice cream
8,Boston cream pie
9,Banana pudding
10,Baked Alaska
11,Buckeyes
12,Indiana sugar cream pie
13,S'mores
14,Lane cake
15,Bananas foster
16,Black and white cookies
17,Swiss roll
18,Shave ice
19,Coca-Cola cake
20,Rice Krispies treats
21,Pumpkin pie
22,Red velvet cake
23,Funnel cake
24,Lady Baltimore cake
25,Pralines
26,Lemon squares
27,Peach cobbler
28,Mississippi mud cake
29,Icebox cakes
30,Donuts
31,Gooey butter cake
32,Fudge
33,Banana split
34,Jell-O
35,Chess pie
36,Sour cream pound cake
37,Key lime pie
38,Cherry pie
39,Seven-layer bars
40,Coconut cake
41,Brownies
42,Blondies
